271,209,,13
Aave (AAVE),https://s2.coinmarketcap.com/static/img/coins/64x64/7278.png,https://aave.com/,<a href="https://www.binance.org/en/smartChain" target="_blank"><img src="https://s2.coinmarketcap.com/static/img/exchanges/64x64/486.png"></a> <a href="https://www.ethereum.org/" target="_blank"><img src="https://s2.coinmarketcap.com/static/img/coins/64x64/1027.png"></a>
Adventure Gold (AGLD),https://s2.coinmarketcap.com/static/img/coins/64x64/11568.png,https://www.lootproject.com/,<a href="https://www.ethereum.org/" target="_blank"><img src="https://s2.coinmarketcap.com/static/img/coins/64x64/1027.png"></a>
Akropolis (AKRO),https://s2.coinmarketcap.com/static/img/coins/64x64/4134.png,https://akropolis.io/,<a href="https://www.ethereum.org/" target="_blank"><img src="https://s2.coinmarketcap.com/static/img/coins/64x64/1027.png"></a>
Alpha Finance Lab (ALPHA),https://s2.coinmarketcap.com/static/img/coins/64x64/7232.png,https://alphafinance.io/,<a href="https://www.binance.org/en/smartChain" target="_blank"><img src="https://s2.coinmarketcap.com/static/img/exchanges/64x64/486.png"></a> <a href="https://www.ethereum.org/" target="_blank"><img src="https://s2.coinmarketcap.com/static/img/coins/64x64/1027.png"></a>
Alitas (ALT),https://s2.coinmarketcap.com/static/img/coins/64x64/10897.png,https://alitas.tech/,<a href="https://www.binance.org/en/smartChain" target="_blank"><img src="https://s2.coinmarketcap.com/static/img/exchanges/64x64/486.png"></a>
Amp (AMP),https://s2.coinmarketcap.com/static/img/coins/64x64/6945.png,https://amptoken.org/,<a href="https://www.ethereum.org/" target="_blank"><img src="https://s2.coinmarketcap.com/static/img/coins/64x64/1027.png"></a>
Ankr (ANKR),https://s2.coinmarketcap.com/static/img/coins/64x64/3783.png,https://www.ankr.com/,<a href="https://www.binance.org/en/smartChain" target="_blank"><img src="https://s2.coinmarketcap.com/static/img/exchanges/64x64/486.png"></a> <a href="https://www.ethereum.org/" target="_blank"><img src="https://s2.coinmarketcap.com/static/img/coins/64x64/1027.png"></a>
Anyswap (ANY),https://s2.coinmarketcap.com/static/img/coins/64x64/5892.png,https://anyswap.exchange/dashboard,<a href="https://www.ethereum.org/" target="_blank"><img src="https://s2.coinmarketcap.com/static/img/coins/64x64/1027.png"></a>
Star Atlas (ATLAS),https://assets.coingecko.com/coins/images/17659/small/Icon_Reverse.png,https://staratlas.com/,<a href="https://solana.com/" target="_blank"><img src="https://cryptologos.cc/logos/solana-sol-logo.svg"></a>
Cosmos (ATOM),https://cryptologos.cc/logos/cosmos-atom-logo.svg,https://cosmos.network/,<a href="https://www.binance.org/en/smartChain" target="_blank"><img src="https://s2.coinmarketcap.com/static/img/exchanges/64x64/486.png"></a>
Audius (AUDIO),https://assets.coingecko.com/coins/images/12913/small/AudiusCoinLogo_2x.png,https://audius.co/,<a href="https://www.ethereum.org/" target="_blank"><img src="https://s2.coinmarketcap.com/static/img/coins/64x64/1027.png"></a>
AXIS Token (AXIS),https://assets.coingecko.com/coins/images/16972/small/lUeFYUeu_400x400.png,https://axistoken.io/,<a href="https://www.ethereum.org/" target="_blank"><img src="https://s2.coinmarketcap.com/static/img/coins/64x64/1027.png"></a>
Axie Infinity (AXS),https://s2.coinmarketcap.com/static/img/coins/64x64/6783.png,https://axieinfinity.com/,<a href="https://www.ethereum.org/" target="_blank"><img src="https://s2.coinmarketcap.com/static/img/coins/64x64/1027.png"></a>
Badger DAO (BADGER),https://s2.coinmarketcap.com/static/img/coins/64x64/7859.png,https://app.badger.finance/,<a href="https://www.ethereum.org/" target="_blank"><img src="https://s2.coinmarketcap.com/static/img/coins/64x64/1027.png"></a>
BakeryToken (BAKE),https://cryptologos.cc/logos/bakerytoken-bake-logo.svg,https://www.bakeryswap.org/,<a href="https://www.binance.org/en/smartChain" target="_blank"><img src="https://s2.coinmarketcap.com/static/img/exchanges/64x64/486.png"></a>
Band Protocol (BAND),https://s2.coinmarketcap.com/static/img/coins/64x64/4679.png,https://bandprotocol.com/,<a href="https://www.binance.org/en/smartChain" target="_blank"><img src="https://s2.coinmarketcap.com/static/img/exchanges/64x64/486.png"></a> <a href="https://www.ethereum.org/" target="_blank"><img src="https://s2.coinmarketcap.com/static/img/coins/64x64/1027.png"></a>
Basic Attention Token (BAT),https://cryptologos.cc/logos/basic-attention-token-bat-logo.svg?v=013,https://basicattentiontoken.org/,<a href="https://www.binance.org/en/smartChain" target="_blank"><img src="https://s2.coinmarketcap.com/static/img/exchanges/64x64/486.png"></a> <a href="https://www.ethereum.org/" target="_blank"><img src="https://s2.coinmarketcap.com/static/img/coins/64x64/1027.png"></a>
Bitcoin Cash (BCH),https://s2.coinmarketcap.com/static/img/coins/64x64/1831.png,http://bch.info/,<a href="http://bch.info/" target="_blank"><img src="https://s2.coinmarketcap.com/static/img/coins/64x64/1831.png"></a>
Bella Protocol (BEL),https://assets.coingecko.com/coins/images/12478/small/Bella.png,https://bella.fi/,<a href="https://www.binance.org/en/smartChain" target="_blank"><img src="https://s2.coinmarketcap.com/static/img/exchanges/64x64/486.png"></a> <a href="https://www.ethereum.org/" target="_blank"><img src="https://s2.coinmarketcap.com/static/img/coins/64x64/1027.png"></a>
Beefy Finance (BIFI),https://s2.coinmarketcap.com/static/img/coins/64x64/7311.png,https://beefy.finance/,<a href="https://www.binance.org/en/smartChain" target="_blank"><img src="https://s2.coinmarketcap.com/static/img/exchanges/64x64/486.png"></a>
Bluzelle (BLZ),https://s2.coinmarketcap.com/static/img/coins/64x64/2505.png,https://bluzelle.com/,<a href="https://www.ethereum.org/" target="_blank"><img src="https://s2.coinmarketcap.com/static/img/coins/64x64/1027.png"></a>
Smart Chain (BNB),https://s2.coinmarketcap.com/static/img/coins/64x64/1839.png,https://www.binance.com/,<a href="https://www.binance.org/en/smartChain" target="_blank"><img src="https://s2.coinmarketcap.com/static/img/exchanges/64x64/486.png"></a>
Bancor (BNT),https://cryptologos.cc/logos/bancor-bnt-logo.svg?v=013,https://bancor.network/,<a href="https://www.ethereum.org/" target="_blank"><img src="https://s2.coinmarketcap.com/static/img/coins/64x64/1027.png"></a>
BinaryX (BNX),https://s2.coinmarketcap.com/static/img/coins/64x64/9891.png,https://www.binaryx.pro/#/,<a href="https://www.binance.org/en/smartChain" target="_blank"><img src="https://s2.coinmarketcap.com/static/img/exchanges/64x64/486.png"></a>
Bread (BRD),https://s2.coinmarketcap.com/static/img/coins/64x64/2306.png,https://brd.com/,<a href="https://www.ethereum.org/" target="_blank"><img src="https://s2.coinmarketcap.com/static/img/coins/64x64/1027.png"></a>
BabySpaceFloki (BSF),https://s2.coinmarketcap.com/static/img/coins/64x64/10856.png,https://www.babyspacefloki.com/,<a href="https://www.binance.org/en/smartChain" target="_blank"><img src="https://s2.coinmarketcap.com/static/img/exchanges/64x64/486.png"></a>
Bitcoin (BTC),https://s2.coinmarketcap.com/static/img/coins/64x64/1.png,https://bitcoin.org/,<a href="https://bitcoin.org/" target="_blank"><img src="https://s2.coinmarketcap.com/static/img/coins/64x64/1.png"></a>
Bitcoin BEP2 (BTCB),https://s2.coinmarketcap.com/static/img/coins/64x64/4023.png,https://bitcoin.org/,<a href="https://www.binance.org/en/smartChain" target="_blank"><img src="https://s2.coinmarketcap.com/static/img/exchanges/64x64/486.png"></a>
BitcoinZ (BTCZ),https://s2.coinmarketcap.com/static/img/coins/64x64/2041.png,https://btcz.rocks/,<a href="https://btcz.rocks/" target="_blank"><img src="https://s2.coinmarketcap.com/static/img/coins/64x64/2041.png"></a>
Braintrust (BTRST),https://s2.coinmarketcap.com/static/img/coins/64x64/11584.png,https://www.braintrust.com/,<a href="https://www.ethereum.org/" target="_blank"><img src="https://s2.coinmarketcap.com/static/img/coins/64x64/1027.png"></a>
BitTorrent (BTT),https://s2.coinmarketcap.com/static/img/coins/64x64/3718.png,https://www.bittorrent.com/token/btt/,<a href="https://www.binance.org/en/smartChain" target="_blank"><img src="https://s2.coinmarketcap.com/static/img/exchanges/64x64/486.png"></a>
Burger Swap (BURGER),https://i.imgur.com/zs9G54m.png,https://burgerswap.org/,<a href="https://www.binance.org/en/smartChain" target="_blank"><img src="https://s2.coinmarketcap.com/static/img/exchanges/64x64/486.png"></a>
Binance USD (BUSD),https://s2.coinmarketcap.com/static/img/coins/64x64/4687.png,https://www.binance.com/en/busd,<a href="https://www.binance.org/en/smartChain" target="_blank"><img src="https://s2.coinmarketcap.com/static/img/exchanges/64x64/486.png"></a> <a href="https://www.ethereum.org/" target="_blank"><img src="https://s2.coinmarketcap.com/static/img/coins/64x64/1027.png"></a>
bZx Protocol (BZRX),https://s2.coinmarketcap.com/static/img/coins/64x64/5810.png,https://bzx.network/,<a href="https://www.ethereum.org/" target="_blank"><img src="https://s2.coinmarketcap.com/static/img/coins/64x64/1027.png"></a>
Coin98 (C98),https://s2.coinmarketcap.com/static/img/coins/64x64/10903.png,https://www.coin98.com/,<a href="https://www.binance.org/en/smartChain" target="_blank"><img src="https://s2.coinmarketcap.com/static/img/exchanges/64x64/486.png"></a> <a href="https://www.ethereum.org/" target="_blank"><img src="https://s2.coinmarketcap.com/static/img/coins/64x64/1027.png"></a> <a href="https://solana.com/" target="_blank"><img src="https://cryptologos.cc/logos/solana-sol-logo.svg"></a>
PancakeSwap (CAKE),https://s2.coinmarketcap.com/static/img/coins/64x64/7186.png,https://pancakeswap.finance/,<a href="https://www.binance.org/en/smartChain" target="_blank"><img src="https://s2.coinmarketcap.com/static/img/exchanges/64x64/486.png"></a>
CEEK VR (CEEK),https://assets.coingecko.com/coins/images/2581/small/ceek-smart-vr-token-logo.png,https://www.ceek.io/,<a href="https://www.binance.org/en/smartChain" target="_blank"><img src="https://s2.coinmarketcap.com/static/img/exchanges/64x64/486.png"></a> <a href="https://www.ethereum.org/" target="_blank"><img src="https://s2.coinmarketcap.com/static/img/coins/64x64/1027.png"></a>
Celsius (CEL),https://s2.coinmarketcap.com/static/img/coins/64x64/2700.png,https://celsius.network/,<a href="https://www.ethereum.org/" target="_blank"><img src="https://s2.coinmarketcap.com/static/img/coins/64x64/1027.png"></a>
Tranchess (CHESS),https://s2.coinmarketcap.com/static/img/coins/64x64/10974.png,https://tranchess.com/,<a href="https://www.binance.org/en/smartChain" target="_blank"><img src="https://s2.coinmarketcap.com/static/img/exchanges/64x64/486.png"></a>
Chromia (CHR),https://s2.coinmarketcap.com/static/img/coins/64x64/3978.png,https://chromia.com/,<a href="https://www.binance.org/en/smartChain" target="_blank"><img src="https://s2.coinmarketcap.com/static/img/exchanges/64x64/486.png"></a> <a href="https://www.ethereum.org/" target="_blank"><img src="https://s2.coinmarketcap.com/static/img/coins/64x64/1027.png"></a>
SwissBorg (CHSB),https://swissborg-website.cdn.prismic.io/swissborg-website/aa90e56e-bbcd-43ad-af4f-f30077c1241f_CHSB-shadow-icon.svg,https://swissborg.com/,<a href="https://www.ethereum.org/" target="_blank"><img src="https://s2.coinmarketcap.com/static/img/coins/64x64/1027.png"></a>
Chiliz (CHZ),https://s2.coinmarketcap.com/static/img/coins/64x64/4066.png,https://www.chiliz.com/,<a href="https://www.ethereum.org/" target="_blank"><img src="https://s2.coinmarketcap.com/static/img/coins/64x64/1027.png"></a>
COBAN (COBAN),https://assets.coingecko.com/coins/images/19483/small/coban-logo-pebyyxjzxvebwa8nsvpp9t8iple69h6enp9bdknotq.png,https://coban.io/,<a href="https://solana.com/" target="_blank"><img src="https://cryptologos.cc/logos/solana-sol-logo.svg"></a>
Cocos-BCX (COCOS),https://s2.coinmarketcap.com/static/img/coins/64x64/4275.png,https://www.cocosbcx.io/,<a href="https://www.ethereum.org/" target="_blank"><img src="https://s2.coinmarketcap.com/static/img/coins/64x64/1027.png"></a>
Compound (COMP),https://s2.coinmarketcap.com/static/img/coins/64x64/5692.png,https://compound.finance/,<a href="https://www.binance.org/en/smartChain" target="_blank"><img src="https://s2.coinmarketcap.com/static/img/exchanges/64x64/486.png"></a> <a href="https://www.ethereum.org/" target="_blank"><img src="https://s2.coinmarketcap.com/static/img/coins/64x64/1027.png"></a>
Cope (COPE),https://i.imgur.com/FGi3ASW.png,https://www.unlimitedcope.com/,<a href="https://solana.com/" target="_blank"><img src="https://cryptologos.cc/logos/solana-sol-logo.svg"></a>
COTI (COTI),https://s2.coinmarketcap.com/static/img/coins/64x64/3992.png,https://coti.io/,<a href="https://www.binance.org/en/smartChain" target="_blank"><img src="https://s2.coinmarketcap.com/static/img/exchanges/64x64/486.png"></a> <a href="https://www.ethereum.org/" target="_blank"><img src="https://s2.coinmarketcap.com/static/img/coins/64x64/1027.png"></a>
Crypto.com Coin (CRO),https://s2.coinmarketcap.com/static/img/coins/64x64/3635.png,https://crypto.com/,<a href="https://www.ethereum.org/" target="_blank"><img src="https://s2.coinmarketcap.com/static/img/coins/64x64/1027.png"></a>
CropperFinance (CRP),https://i.imgur.com/2uEtdFN.png,https://cropper.finance/,<a href="https://solana.com/" target="_blank"><img src="https://cryptologos.cc/logos/solana-sol-logo.svg"></a>
Curve DAO Token (CRV),https://s2.coinmarketcap.com/static/img/coins/64x64/6538.png,https://www.curve.fi/,<a href="https://www.ethereum.org/" target="_blank"><img src="https://s2.coinmarketcap.com/static/img/coins/64x64/1027.png"></a>
CertiK (CTK),https://s2.coinmarketcap.com/static/img/coins/64x64/4807.png,https://www.shentu.technology/,<a href="https://www.binance.org/en/smartChain" target="_blank"><img src="https://s2.coinmarketcap.com/static/img/exchanges/64x64/486.png"></a>
Cartesi (CTSI),https://s2.coinmarketcap.com/static/img/coins/64x64/5444.png,https://cartesi.io/,<a href="https://www.binance.org/en/smartChain" target="_blank"><img src="https://s2.coinmarketcap.com/static/img/exchanges/64x64/486.png"></a> <a href="https://www.ethereum.org/" target="_blank"><img src="https://s2.coinmarketcap.com/static/img/coins/64x64/1027.png"></a>
Cyclos (CYS),https://assets.coingecko.com/coins/images/18139/small/cyclos-text-logo.png,https://cyclos.io/,<a href="https://solana.com/" target="_blank"><img src="https://cryptologos.cc/logos/solana-sol-logo.svg"></a>
Dai (DAI),https://s2.coinmarketcap.com/static/img/coins/64x64/4943.png,http://www.makerdao.com/,<a href="https://www.binance.org/en/smartChain" target="_blank"><img src="https://s2.coinmarketcap.com/static/img/exchanges/64x64/486.png"></a> <a href="https://www.ethereum.org/" target="_blank"><img src="https://s2.coinmarketcap.com/static/img/coins/64x64/1027.png"></a>
Mines of Dalarnia (DAR),https://s2.coinmarketcap.com/static/img/coins/64x64/11374.png,https://www.minesofdalarnia.com/,<a href="https://www.binance.org/en/smartChain" target="_blank"><img src="https://s2.coinmarketcap.com/static/img/exchanges/64x64/486.png"></a> <a href="https://www.ethereum.org/" target="_blank"><img src="https://s2.coinmarketcap.com/static/img/coins/64x64/1027.png"></a>
Dego Finance (DEGO),https://s2.coinmarketcap.com/static/img/coins/64x64/7087.png,https://dego.finance/,<a href="https://www.binance.org/en/smartChain" target="_blank"><img src="https://s2.coinmarketcap.com/static/img/exchanges/64x64/486.png"></a> <a href="https://www.ethereum.org/" target="_blank"><img src="https://s2.coinmarketcap.com/static/img/coins/64x64/1027.png"></a>
DeXe (DEXE),https://s2.coinmarketcap.com/static/img/coins/64x64/7326.png,https://dexe.network/,<a href="https://www.binance.org/en/smartChain" target="_blank"><img src="https://s2.coinmarketcap.com/static/img/exchanges/64x64/486.png"></a> <a href="https://www.ethereum.org/" target="_blank"><img src="https://s2.coinmarketcap.com/static/img/coins/64x64/1027.png"></a>
DigiByte (DGB),https://s2.coinmarketcap.com/static/img/coins/64x64/109.png,https://digibyte.org/,<a href="https://digibyte.org/" target="_blank"><img src="https://s2.coinmarketcap.com/static/img/coins/64x64/109.png"></a>
district0x (DNT),https://s2.coinmarketcap.com/static/img/coins/64x64/1856.png,https://district0x.io/,<a href="https://www.ethereum.org/" target="_blank"><img src="https://s2.coinmarketcap.com/static/img/coins/64x64/1027.png"></a>
DODO (DODO),https://s2.coinmarketcap.com/static/img/coins/64x64/7224.png,https://dodoex.io/,<a href="https://www.ethereum.org/" target="_blank"><img src="https://s2.coinmarketcap.com/static/img/coins/64x64/1027.png"></a>
Dogecoin (DOGE),https://s2.coinmarketcap.com/static/img/coins/64x64/74.png,http://dogecoin.com/,<a href="http://dogecoin.com/" target="_blank"><img src="https://s2.coinmarketcap.com/static/img/coins/64x64/74.png"></a>
Polkadot (DOT),https://assets.coingecko.com/coins/images/12171/small/polkadot.png,https://polkadot.network/,<a href="https://www.binance.org/en/smartChain" target="_blank"><img src="https://s2.coinmarketcap.com/static/img/exchanges/64x64/486.png"></a>
Dusk Network (DUSK),https://s2.coinmarketcap.com/static/img/coins/64x64/4092.png,https://www.dusk.network/,<a href="https://www.binance.org/en/smartChain" target="_blank"><img src="https://s2.coinmarketcap.com/static/img/exchanges/64x64/486.png"></a> <a href="https://www.ethereum.org/" target="_blank"><img src="https://s2.coinmarketcap.com/static/img/coins/64x64/1027.png"></a>
Dexlab (DXL),https://raw.githubusercontent.com/solana-labs/token-list/main/assets/mainnet/GsNzxJfFn6zQdJGeYsupJWzUAm57Ba7335mfhWvFiE9Z/logo.png,https://www.dexlab.space/,<a href="https://solana.com/" target="_blank"><img src="https://cryptologos.cc/logos/solana-sol-logo.svg"></a>
dYdX (DYDX),https://assets.coingecko.com/coins/images/17500/small/hjnIm9bV.jpg,https://dydx.exchange/,<a href="https://www.ethereum.org/" target="_blank"><img src="https://s2.coinmarketcap.com/static/img/coins/64x64/1027.png"></a>
Dogelon Mars (ELON),https://s2.coinmarketcap.com/static/img/coins/64x64/9436.png,https://dogelonmars.com/,<a href="https://www.ethereum.org/" target="_blank"><img src="https://s2.coinmarketcap.com/static/img/coins/64x64/1027.png"></a>
Enjin Coin (ENJ),https://s2.coinmarketcap.com/static/img/coins/64x64/2130.png,https://enjin.io/,<a href="https://www.ethereum.org/" target="_blank"><img src="https://s2.coinmarketcap.com/static/img/coins/64x64/1027.png"></a>
Ethereum Name Service (ENS),https://s2.coinmarketcap.com/static/img/coins/64x64/13855.png,https://ens.domains/,<a href="https://www.ethereum.org/" target="_blank"><img src="https://s2.coinmarketcap.com/static/img/coins/64x64/1027.png"></a>
Ethereum Classic (ETC),https://s2.coinmarketcap.com/static/img/coins/64x64/1321.png,https://ethereumclassic.org/,<a href="https://ethereumclassic.org/" target="_blank"><img src="https://s2.coinmarketcap.com/static/img/coins/64x64/1321.png"></a>
Ethereum (ETH),https://s2.coinmarketcap.com/static/img/coins/64x64/1027.png,https://www.ethereum.org/,<a href="https://www.binance.org/en/smartChain" target="_blank"><img src="https://s2.coinmarketcap.com/static/img/exchanges/64x64/486.png"></a> <a href="https://www.ethereum.org/" target="_blank"><img src="https://s2.coinmarketcap.com/static/img/coins/64x64/1027.png"></a>
e-Radix (EXRD),https://s2.coinmarketcap.com/static/img/coins/64x64/7692.png,https://www.radixdlt.com/,<a href="https://www.ethereum.org/" target="_blank"><img src="https://s2.coinmarketcap.com/static/img/coins/64x64/1027.png"></a>
Fei Protocol (FEI),https://i.imgur.com/xJTCmc2.png,https://fei.money/,<a href="https://www.ethereum.org/" target="_blank"><img src="https://s2.coinmarketcap.com/static/img/coins/64x64/1027.png"></a>
Fetch.ai (FET),https://assets.coingecko.com/coins/images/5681/small/Fetch.jpg,https://fetch.ai/,<a href="https://www.ethereum.org/" target="_blank"><img src="https://s2.coinmarketcap.com/static/img/coins/64x64/1027.png"></a>
Bonfida (FIDA),https://assets.coingecko.com/coins/images/13395/small/fida-dark.png,https://bonfida.org/,<a href="https://solana.com/" target="_blank"><img src="https://cryptologos.cc/logos/solana-sol-logo.svg"></a>
Stafi (FIS),https://s2.coinmarketcap.com/static/img/coins/64x64/5882.png,https://www.stafi.io/,<a href="https://www.ethereum.org/" target="_blank"><img src="https://s2.coinmarketcap.com/static/img/coins/64x64/1027.png"></a>
Flux (FLUX),https://s2.coinmarketcap.com/static/img/coins/64x64/3029.png,https://runonflux.io/,<a href="https://www.binance.org/en/smartChain" target="_blank"><img src="https://s2.coinmarketcap.com/static/img/exchanges/64x64/486.png"></a> <a href="https://www.ethereum.org/" target="_blank"><img src="https://s2.coinmarketcap.com/static/img/coins/64x64/1027.png"></a> <a href="https://runonflux.io/" target="_blank"><img src="https://s2.coinmarketcap.com/static/img/coins/64x64/3029.png"></a>
Frontier (FRONT),https://assets.coingecko.com/coins/images/12479/small/frontier_logo.png,https://frontier.xyz/,<a href="https://www.binance.org/en/smartChain" target="_blank"><img src="https://s2.coinmarketcap.com/static/img/exchanges/64x64/486.png"></a> <a href="https://www.ethereum.org/" target="_blank"><img src="https://s2.coinmarketcap.com/static/img/coins/64x64/1027.png"></a> <a href="https://solana.com/" target="_blank"><img src="https://cryptologos.cc/logos/solana-sol-logo.svg"></a>
FTX Token (FTT),https://s2.coinmarketcap.com/static/img/coins/64x64/4195.png,https://ftx.com/,<a href="https://www.ethereum.org/" target="_blank"><img src="https://s2.coinmarketcap.com/static/img/coins/64x64/1027.png"></a> <a href="https://solana.com/" target="_blank"><img src="https://cryptologos.cc/logos/solana-sol-logo.svg"></a>
Gala (GALA),https://s2.coinmarketcap.com/static/img/coins/64x64/7080.png,https://gala.games/,<a href="https://www.binance.org/en/smartChain" target="_blank"><img src="https://s2.coinmarketcap.com/static/img/exchanges/64x64/486.png"></a> <a href="https://www.ethereum.org/" target="_blank"><img src="https://s2.coinmarketcap.com/static/img/coins/64x64/1027.png"></a>
Aavegotchi (GHST),https://s2.coinmarketcap.com/static/img/coins/64x64/7046.png,https://aavegotchi.com/,<a href="https://www.ethereum.org/" target="_blank"><img src="https://s2.coinmarketcap.com/static/img/coins/64x64/1027.png"></a>
Gnosis (GNO),https://etherscan.io/token/images/gnosans_32.png,https://gnosis.io/,<a href="https://www.ethereum.org/" target="_blank"><img src="https://s2.coinmarketcap.com/static/img/coins/64x64/1027.png"></a>
Grape Protocol (GRAPE),https://raw.githubusercontent.com/solana-labs/token-list/main/assets/mainnet/8upjSpvjcdpuzhfR1zriwg5NXkwDruejqNE9WNbPRtyA/logo.svg,https://grapes.network/,<a href="https://solana.com/" target="_blank"><img src="https://cryptologos.cc/logos/solana-sol-logo.svg"></a>
The Graph (GRT),https://s2.coinmarketcap.com/static/img/coins/64x64/6719.png,https://thegraph.com/,<a href="https://www.ethereum.org/" target="_blank"><img src="https://s2.coinmarketcap.com/static/img/coins/64x64/1027.png"></a>
Gitcoin (GTC),https://s2.coinmarketcap.com/static/img/coins/64x64/10052.png,https://gitcoin.co/,<a href="https://www.ethereum.org/" target="_blank"><img src="https://s2.coinmarketcap.com/static/img/coins/64x64/1027.png"></a>
Gifto (GTO),https://s2.coinmarketcap.com/static/img/coins/64x64/2289.png,https://gifto.io/,<a href="https://www.ethereum.org/" target="_blank"><img src="https://s2.coinmarketcap.com/static/img/coins/64x64/1027.png"></a>
Holo (HOT),https://s2.coinmarketcap.com/static/img/coins/64x64/2682.png,https://holo.host/,<a href="https://www.ethereum.org/" target="_blank"><img src="https://s2.coinmarketcap.com/static/img/coins/64x64/1027.png"></a>
Huobi Token (HT),https://s2.coinmarketcap.com/static/img/coins/64x64/2502.png,https://www.huobi.com/,<a href="https://www.ethereum.org/" target="_blank"><img src="https://s2.coinmarketcap.com/static/img/coins/64x64/1027.png"></a>
HUSD (HUSD),https://cryptologos.cc/logos/husd-husd-logo.svg?v=013,https://www.stcoins.com/,<a href="https://www.ethereum.org/" target="_blank"><img src="https://s2.coinmarketcap.com/static/img/coins/64x64/1027.png"></a>
Hxro (HXRO),https://assets.coingecko.com/coins/images/7805/small/Hxro_Profile_Transparent.png,https://hxro.io/,<a href="https://www.ethereum.org/" target="_blank"><img src="https://s2.coinmarketcap.com/static/img/coins/64x64/1027.png"></a>
IDEX (IDEX),https://assets.coingecko.com/coins/images/2565/small/logomark-purple-286x286.png,https://idex.io/,<a href="https://www.ethereum.org/" target="_blank"><img src="https://s2.coinmarketcap.com/static/img/coins/64x64/1027.png"></a>
Illuvium (ILV),https://www.illuvium.io/images/logos/ilv-circle.svg,https://www.illuvium.io/,<a href="https://www.ethereum.org/" target="_blank"><img src="https://s2.coinmarketcap.com/static/img/coins/64x64/1027.png"></a>
Immutable X (IMX),https://assets-global.website-files.com/5f7eec37ff782e797edabe11/5f8d36771ffcf8c91b03e7f4_dark.svg,https://www.immutable.com/,<a href="https://www.ethereum.org/" target="_blank"><img src="https://s2.coinmarketcap.com/static/img/coins/64x64/1027.png"></a>
Injective Protocol (INJ),https://s2.coinmarketcap.com/static/img/coins/64x64/7226.png,https://injectiveprotocol.com/,<a href="https://www.binance.org/en/smartChain" target="_blank"><img src="https://s2.coinmarketcap.com/static/img/exchanges/64x64/486.png"></a> <a href="https://www.ethereum.org/" target="_blank"><img src="https://s2.coinmarketcap.com/static/img/coins/64x64/1027.png"></a>
IoTeX (IOTX),https://s2.coinmarketcap.com/static/img/coins/64x64/2777.png,https://www.iotex.io/,<a href="https://www.binance.org/en/smartChain" target="_blank"><img src="https://s2.coinmarketcap.com/static/img/exchanges/64x64/486.png"></a> <a href="https://www.ethereum.org/" target="_blank"><img src="https://s2.coinmarketcap.com/static/img/coins/64x64/1027.png"></a>
Everipedia (IQ),https://s2.coinmarketcap.com/static/img/coins/64x64/2930.png,https://everipedia.org/,<a href="https://www.ethereum.org/" target="_blank"><img src="https://s2.coinmarketcap.com/static/img/coins/64x64/1027.png"></a>
IRISnet (IRIS),https://s2.coinmarketcap.com/static/img/coins/64x64/3874.png,https://www.irisnet.org/,<a href="https://www.ethereum.org/" target="_blank"><img src="https://s2.coinmarketcap.com/static/img/coins/64x64/1027.png"></a>
JasmyCoin (JASMY),https://s2.coinmarketcap.com/static/img/coins/64x64/8425.png,https://www.jasmy.co.jp/en_company.html,<a href="https://www.ethereum.org/" target="_blank"><img src="https://s2.coinmarketcap.com/static/img/coins/64x64/1027.png"></a>
KuCoin Token (KCS),https://s2.coinmarketcap.com/static/img/coins/64x64/2087.png,https://www.kucoin.com/,<a href="https://www.ethereum.org/" target="_blank"><img src="https://s2.coinmarketcap.com/static/img/coins/64x64/1027.png"></a>
Keep Network (KEEP),https://cryptologos.cc/logos/keep-network-keep-logo.svg,https://keep.network/,<a href="https://www.ethereum.org/" target="_blank"><img src="https://s2.coinmarketcap.com/static/img/coins/64x64/1027.png"></a>
Selfkey (KEY),https://s2.coinmarketcap.com/static/img/coins/64x64/2398.png,https://selfkey.org/,<a href="https://www.ethereum.org/" target="_blank"><img src="https://s2.coinmarketcap.com/static/img/coins/64x64/1027.png"></a>
KIN (KIN),https://raw.githubusercontent.com/solana-labs/token-list/main/assets/mainnet/kinXdEcpDQeHPEuQnqmUgtYykqKGVFq6CeVX5iAHJq6/logo.png,https://kin.org/,<a href="https://solana.com/" target="_blank"><img src="https://cryptologos.cc/logos/solana-sol-logo.svg"></a>
Kyber Network Crystal v2 (KNC),https://s2.coinmarketcap.com/static/img/coins/64x64/9444.png,https://kyber.network/,<a href="https://www.binance.org/en/smartChain" target="_blank"><img src="https://s2.coinmarketcap.com/static/img/exchanges/64x64/486.png"></a> <a href="https://www.ethereum.org/" target="_blank"><img src="https://s2.coinmarketcap.com/static/img/coins/64x64/1027.png"></a>
Keep3rV1 (KP3R),https://i.imgur.com/S9UVy1y.png,https://keep3r.network/,<a href="https://www.ethereum.org/" target="_blank"><img src="https://s2.coinmarketcap.com/static/img/coins/64x64/1027.png"></a>
Larix (LARIX),https://i.imgur.com/8vgwWNk.png,https://projectlarix.com/,<a href="https://solana.com/" target="_blank"><img src="https://cryptologos.cc/logos/solana-sol-logo.svg"></a>
FC Lazio Fan Token (LAZIO),https://s2.coinmarketcap.com/static/img/coins/64x64/12687.png,https://www.sslazio.it/en,<a href="https://www.binance.org/en/smartChain" target="_blank"><img src="https://s2.coinmarketcap.com/static/img/exchanges/64x64/486.png"></a>
UNUS SED LEO (LEO),https://s2.coinmarketcap.com/static/img/coins/64x64/3957.png,https://www.bitfinex.com/,<a href="https://www.ethereum.org/" target="_blank"><img src="https://s2.coinmarketcap.com/static/img/coins/64x64/1027.png"></a>
Only1 (LIKE),https://assets.coingecko.com/coins/images/17501/small/like-token.png,https://only1.io/,<a href="https://solana.com/" target="_blank"><img src="https://cryptologos.cc/logos/solana-sol-logo.svg"></a>
Linear (LINA),https://s2.coinmarketcap.com/static/img/coins/64x64/7102.png,https://linear.finance/,<a href="https://www.binance.org/en/smartChain" target="_blank"><img src="https://s2.coinmarketcap.com/static/img/exchanges/64x64/486.png"></a> <a href="https://www.ethereum.org/" target="_blank"><img src="https://s2.coinmarketcap.com/static/img/coins/64x64/1027.png"></a>
Chainlink (LINK),https://s2.coinmarketcap.com/static/img/coins/64x64/1975.png,https://chain.link/,<a href="https://www.binance.org/en/smartChain" target="_blank"><img src="https://s2.coinmarketcap.com/static/img/exchanges/64x64/486.png"></a> <a href="https://www.ethereum.org/" target="_blank"><img src="https://s2.coinmarketcap.com/static/img/coins/64x64/1027.png"></a> <a href="https://solana.com/" target="_blank"><img src="https://cryptologos.cc/logos/solana-sol-logo.svg"></a>
Litentry (LIT),https://assets.coingecko.com/coins/images/13825/small/logo_200x200.png,https://www.litentry.com/,<a href="https://www.ethereum.org/" target="_blank"><img src="https://s2.coinmarketcap.com/static/img/coins/64x64/1027.png"></a>
Loopring (LRC),https://s2.coinmarketcap.com/static/img/coins/64x64/1934.png,https://loopring.org/,<a href="https://www.ethereum.org/" target="_blank"><img src="https://s2.coinmarketcap.com/static/img/coins/64x64/1027.png"></a>
Litecoin (LTC),https://cryptologos.cc/logos/litecoin-ltc-logo.svg?v=013,https://litecoin.org/,<a href="https://litecoin.org/" target="_blank"><img src="https://cryptologos.cc/logos/litecoin-ltc-logo.svg?v=013"></a>
Terra (LUNA),https://cryptologos.cc/logos/terra-luna-luna-logo.svg?v=013,https://terra.money/,<a href="https://www.binance.org/en/smartChain" target="_blank"><img src="https://s2.coinmarketcap.com/static/img/exchanges/64x64/486.png"></a> <a href="https://www.ethereum.org/" target="_blank"><img src="https://s2.coinmarketcap.com/static/img/coins/64x64/1027.png"></a>
Decentraland (MANA),https://cryptologos.cc/logos/decentraland-mana-logo.svg?v=013,https://decentraland.org/%3E,<a href="https://www.ethereum.org/" target="_blank"><img src="https://s2.coinmarketcap.com/static/img/coins/64x64/1027.png"></a>
MAPS (MAPS),https://s2.coinmarketcap.com/static/img/coins/64x64/8166.png,https://maps.me/token/,<a href="https://www.ethereum.org/" target="_blank"><img src="https://s2.coinmarketcap.com/static/img/coins/64x64/1027.png"></a> <a href="https://solana.com/" target="_blank"><img src="https://cryptologos.cc/logos/solana-sol-logo.svg"></a>
Polygon (MATIC),https://assets.coingecko.com/coins/images/4713/small/matic-token-icon.png,https://polygon.technology/,<a href="https://www.binance.org/en/smartChain" target="_blank"><img src="https://s2.coinmarketcap.com/static/img/exchanges/64x64/486.png"></a> <a href="https://www.ethereum.org/" target="_blank"><img src="https://s2.coinmarketcap.com/static/img/coins/64x64/1027.png"></a>
MOBOX (MBOX),https://s2.coinmarketcap.com/static/img/coins/64x64/9175.png,https://www.mobox.io/#/,<a href="https://www.binance.org/en/smartChain" target="_blank"><img src="https://s2.coinmarketcap.com/static/img/exchanges/64x64/486.png"></a>
Merit Circle (MC),https://i.imgur.com/gU9kPv6.png,https://www.meritcircle.io/,<a href="https://www.ethereum.org/" target="_blank"><img src="https://s2.coinmarketcap.com/static/img/coins/64x64/1027.png"></a>
Measurable Data Token (MDT),https://s2.coinmarketcap.com/static/img/coins/64x64/2348.png,http://mdt.io/,<a href="https://www.binance.org/en/smartChain" target="_blank"><img src="https://s2.coinmarketcap.com/static/img/exchanges/64x64/486.png"></a> <a href="https://www.ethereum.org/" target="_blank"><img src="https://s2.coinmarketcap.com/static/img/coins/64x64/1027.png"></a>
Mdex (MDX),https://s2.coinmarketcap.com/static/img/coins/64x64/8335.png,https://mdex.co/,<a href="https://www.binance.org/en/smartChain" target="_blank"><img src="https://s2.coinmarketcap.com/static/img/exchanges/64x64/486.png"></a>
Media Network (MEDIA),https://assets.coingecko.com/coins/images/15142/small/media50x50.png,https://media.network/,<a href="https://www.ethereum.org/" target="_blank"><img src="https://s2.coinmarketcap.com/static/img/coins/64x64/1027.png"></a> <a href="https://solana.com/" target="_blank"><img src="https://cryptologos.cc/logos/solana-sol-logo.svg"></a>
Mercurial Finance (MER),https://assets.coingecko.com/coins/images/15527/small/mer_logo.png,https://mercurial.finance/,<a href="https://solana.com/" target="_blank"><img src="https://cryptologos.cc/logos/solana-sol-logo.svg"></a>
Hifi Finance (MFT),https://hifi.finance/static/media/logo-mini.20dd2e13.svg,https://hifi.finance/,<a href="https://www.ethereum.org/" target="_blank"><img src="https://s2.coinmarketcap.com/static/img/coins/64x64/1027.png"></a>
Mithril (MITH),https://s2.coinmarketcap.com/static/img/coins/64x64/2608.png,https://mith.io/,<a href="https://www.ethereum.org/" target="_blank"><img src="https://s2.coinmarketcap.com/static/img/coins/64x64/1027.png"></a>
Maker (MKR),https://s2.coinmarketcap.com/static/img/coins/64x64/1518.png,https://makerdao.com/,<a href="https://www.binance.org/en/smartChain" target="_blank"><img src="https://s2.coinmarketcap.com/static/img/exchanges/64x64/486.png"></a> <a href="https://www.ethereum.org/" target="_blank"><img src="https://s2.coinmarketcap.com/static/img/coins/64x64/1027.png"></a>
Mango Markets (MNGO),https://s2.coinmarketcap.com/static/img/coins/64x64/11171.png,https://mango.markets/,<a href="https://solana.com/" target="_blank"><img src="https://cryptologos.cc/logos/solana-sol-logo.svg"></a>
Metal (MTL),https://s2.coinmarketcap.com/static/img/coins/64x64/1788.png,https://www.metalpay.com/,<a href="https://www.ethereum.org/" target="_blank"><img src="https://s2.coinmarketcap.com/static/img/coins/64x64/1027.png"></a>
Nexo (NEXO),https://s2.coinmarketcap.com/static/img/coins/64x64/2694.png,http://nexo.io/,<a href="https://www.ethereum.org/" target="_blank"><img src="https://s2.coinmarketcap.com/static/img/coins/64x64/1027.png"></a>
NuCypher (NU),https://s2.coinmarketcap.com/static/img/coins/64x64/4761.png,https://nucypher.com/,<a href="https://www.ethereum.org/" target="_blank"><img src="https://s2.coinmarketcap.com/static/img/coins/64x64/1027.png"></a>
Ocean Protocol (OCEAN),https://s2.coinmarketcap.com/static/img/coins/64x64/3911.png,https://oceanprotocol.com/,<a href="https://www.ethereum.org/" target="_blank"><img src="https://s2.coinmarketcap.com/static/img/coins/64x64/1027.png"></a>
OKB (OKB),https://s2.coinmarketcap.com/static/img/coins/64x64/3897.png,https://www.okex.com/,<a href="https://www.ethereum.org/" target="_blank"><img src="https://s2.coinmarketcap.com/static/img/coins/64x64/1027.png"></a>
Orca (ORCA),https://assets.coingecko.com/coins/images/17547/small/Orca_Logo.png,https://www.orca.so/,<a href="https://solana.com/" target="_blank"><img src="https://cryptologos.cc/logos/solana-sol-logo.svg"></a>
Orchid (OXT),https://s2.coinmarketcap.com/static/img/coins/64x64/5026.png,https://www.orchid.com/,<a href="https://www.ethereum.org/" target="_blank"><img src="https://s2.coinmarketcap.com/static/img/coins/64x64/1027.png"></a>
Oxygen (OXY),https://s2.coinmarketcap.com/static/img/coins/64x64/8029.png,https://www.oxygen.org/,<a href="https://www.ethereum.org/" target="_blank"><img src="https://s2.coinmarketcap.com/static/img/coins/64x64/1027.png"></a> <a href="https://solana.com/" target="_blank"><img src="https://cryptologos.cc/logos/solana-sol-logo.svg"></a>
Parrot Finance (PAI),https://raw.githubusercontent.com/solana-labs/token-list/main/assets/mainnet/Ea5SjE2Y6yvCeW5dYTn7PYMuW5ikXkvbGdcmSnXeaLjS/logo.svg,https://partyparrot.finance/,<a href="https://solana.com/" target="_blank"><img src="https://cryptologos.cc/logos/solana-sol-logo.svg"></a>
PAX Gold (PAXG),https://etherscan.io/token/images/paxosgold_32.png,https://paxos.com/paxgold/,<a href="https://www.binance.org/en/smartChain" target="_blank"><img src="https://s2.coinmarketcap.com/static/img/exchanges/64x64/486.png"></a> <a href="https://www.ethereum.org/" target="_blank"><img src="https://s2.coinmarketcap.com/static/img/coins/64x64/1027.png"></a>
Perpetual Protocol (PERP),https://s2.coinmarketcap.com/static/img/coins/64x64/6950.png,https://www.perp.fi/,<a href="https://www.ethereum.org/" target="_blank"><img src="https://s2.coinmarketcap.com/static/img/coins/64x64/1027.png"></a>
PlayDapp (PLA),https://s2.coinmarketcap.com/static/img/coins/64x64/7461.png,https://playdapp.io/,<a href="https://www.ethereum.org/" target="_blank"><img src="https://s2.coinmarketcap.com/static/img/coins/64x64/1027.png"></a>
pNetwork (PNT),https://s2.coinmarketcap.com/static/img/coins/64x64/5794.png,https://p.network/,<a href="https://www.binance.org/en/smartChain" target="_blank"><img src="https://s2.coinmarketcap.com/static/img/exchanges/64x64/486.png"></a> <a href="https://www.ethereum.org/" target="_blank"><img src="https://s2.coinmarketcap.com/static/img/coins/64x64/1027.png"></a>
Polkastarter (POLS),https://s2.coinmarketcap.com/static/img/coins/64x64/7208.png,https://www.polkastarter.com/,<a href="https://www.binance.org/en/smartChain" target="_blank"><img src="https://s2.coinmarketcap.com/static/img/exchanges/64x64/486.png"></a> <a href="https://www.ethereum.org/" target="_blank"><img src="https://s2.coinmarketcap.com/static/img/coins/64x64/1027.png"></a>
Marlin (POND),https://s2.coinmarketcap.com/static/img/coins/64x64/7497.png,https://www.marlin.pro/,<a href="https://www.ethereum.org/" target="_blank"><img src="https://s2.coinmarketcap.com/static/img/coins/64x64/1027.png"></a>
FC Porto Fan Token (PORTO),https://s2.coinmarketcap.com/static/img/coins/64x64/14052.png,https://www.fcporto.pt/,<a href="https://www.binance.org/en/smartChain" target="_blank"><img src="https://s2.coinmarketcap.com/static/img/exchanges/64x64/486.png"></a>
Powerledger (POWR),https://s2.coinmarketcap.com/static/img/coins/64x64/2132.png,https://powerledger.io/,<a href="https://www.ethereum.org/" target="_blank"><img src="https://s2.coinmarketcap.com/static/img/coins/64x64/1027.png"></a>
Prometeus (PROM),https://assets.coingecko.com/coins/images/8825/small/promlogofinal.png,https://prometeus.io/,<a href="https://www.binance.org/en/smartChain" target="_blank"><img src="https://s2.coinmarketcap.com/static/img/exchanges/64x64/486.png"></a> <a href="https://www.ethereum.org/" target="_blank"><img src="https://s2.coinmarketcap.com/static/img/coins/64x64/1027.png"></a>
Vulcan Forged PYR (PYR),https://s2.coinmarketcap.com/static/img/coins/64x64/9308.png,https://vulcanforged.com/,<a href="https://www.ethereum.org/" target="_blank"><img src="https://s2.coinmarketcap.com/static/img/coins/64x64/1027.png"></a>
Quant (QNT),https://i.imgur.com/SiwbX6G.png,https://quant.network/,<a href="https://www.ethereum.org/" target="_blank"><img src="https://s2.coinmarketcap.com/static/img/coins/64x64/1027.png"></a>
https://radicle.xyz/ (RAD),https://s2.coinmarketcap.com/static/img/coins/64x64/6843.png,https://radicle.xyz/,<a href="https://www.ethereum.org/" target="_blank"><img src="https://s2.coinmarketcap.com/static/img/coins/64x64/1027.png"></a>
RAMP (RAMP),https://assets.coingecko.com/coins/images/12837/small/RAMP-Logo-v2-1000pxsq.png,https://www.rampdefi.com/,<a href="https://www.ethereum.org/" target="_blank"><img src="https://s2.coinmarketcap.com/static/img/coins/64x64/1027.png"></a> <a href="https://www.binance.org/en/smartChain" target="_blank"><img src="https://s2.coinmarketcap.com/static/img/exchanges/64x64/486.png"></a>
SuperRare (RARE),https://s2.coinmarketcap.com/static/img/coins/64x64/11294.png,https://superrare.com/,<a href="https://www.ethereum.org/" target="_blank"><img src="https://s2.coinmarketcap.com/static/img/coins/64x64/1027.png"></a>
Raydium (RAY),https://raw.githubusercontent.com/solana-labs/token-list/main/assets/mainnet/4k3Dyjzvzp8eMZWUXbBCjEvwSkkk59S5iCNLY3QrkX6R/logo.png,https://raydium.io/#/,<a href="https://www.ethereum.org/" target="_blank"><img src="https://s2.coinmarketcap.com/static/img/coins/64x64/1027.png"></a> <a href="https://solana.com/" target="_blank"><img src="https://cryptologos.cc/logos/solana-sol-logo.svg"></a>
Ren (REN),https://s2.coinmarketcap.com/static/img/coins/64x64/2539.png,https://renproject.io/,<a href="https://www.ethereum.org/" target="_blank"><img src="https://s2.coinmarketcap.com/static/img/coins/64x64/1027.png"></a>
renBTC (RENBTC),https://s2.coinmarketcap.com/static/img/coins/64x64/5777.png,https://renproject.io/,<a href="https://www.binance.org/en/smartChain" target="_blank"><img src="https://s2.coinmarketcap.com/static/img/exchanges/64x64/486.png"></a> <a href="https://www.ethereum.org/" target="_blank"><img src="https://s2.coinmarketcap.com/static/img/coins/64x64/1027.png"></a>
Request (REQ),https://s2.coinmarketcap.com/static/img/coins/64x64/2071.png,https://request.network/,<a href="https://www.ethereum.org/" target="_blank"><img src="https://s2.coinmarketcap.com/static/img/coins/64x64/1027.png"></a>
Revain (REV),https://s2.coinmarketcap.com/static/img/coins/64x64/2135.png,https://revain.org/,<a href="https://www.ethereum.org/" target="_blank"><img src="https://s2.coinmarketcap.com/static/img/coins/64x64/1027.png"></a>
iExec RLC (RLC),https://s2.coinmarketcap.com/static/img/coins/64x64/1637.png,https://iex.ec/,<a href="https://www.ethereum.org/" target="_blank"><img src="https://s2.coinmarketcap.com/static/img/coins/64x64/1027.png"></a>
Rally (RLY),https://s2.coinmarketcap.com/static/img/coins/64x64/8075.png,https://vaults.rally.io/vaults,<a href="https://www.ethereum.org/" target="_blank"><img src="https://s2.coinmarketcap.com/static/img/coins/64x64/1027.png"></a>
Render Token (RNDR),https://s2.coinmarketcap.com/static/img/coins/64x64/5690.png,https://rendertoken.com/,<a href="https://www.ethereum.org/" target="_blank"><img src="https://s2.coinmarketcap.com/static/img/coins/64x64/1027.png"></a>
Reserve Rights (RSR),https://cryptologos.cc/logos/reserve-rights-rsr-logo.svg,https://reserve.org/,<a href="https://www.ethereum.org/" target="_blank"><img src="https://s2.coinmarketcap.com/static/img/coins/64x64/1027.png"></a>
The Sandbox (SAND),https://assets.coingecko.com/coins/images/12129/small/sandbox_logo.jpg,https://www.sandbox.game/en/,<a href="https://www.ethereum.org/" target="_blank"><img src="https://s2.coinmarketcap.com/static/img/coins/64x64/1027.png"></a>
FC Santos Fan Token (SANTOS),https://s2.coinmarketcap.com/static/img/coins/64x64/15248.png,https://www.santosfc.com.br/,<a href="https://www.binance.org/en/smartChain" target="_blank"><img src="https://s2.coinmarketcap.com/static/img/exchanges/64x64/486.png"></a>
Saber (SBR),https://raw.githubusercontent.com/solana-labs/token-list/main/assets/mainnet/Saber2gLauYim4Mvftnrasomsv6NvAuncvMEZwcLpD1/logo.svg,https://saber.so/,<a href="https://solana.com/" target="_blank"><img src="https://cryptologos.cc/logos/solana-sol-logo.svg"></a>
SafePal (SFP),https://s2.coinmarketcap.com/static/img/coins/64x64/8119.png,https://www.safepal.io/,<a href="https://www.binance.org/en/smartChain" target="_blank"><img src="https://s2.coinmarketcap.com/static/img/exchanges/64x64/486.png"></a>
SHIBA INU (SHIB),https://s2.coinmarketcap.com/static/img/coins/64x64/5994.png,https://shibatoken.com/,<a href="https://www.ethereum.org/" target="_blank"><img src="https://s2.coinmarketcap.com/static/img/coins/64x64/1027.png"></a>
Simplio (SIO),https://simplio.io/images/icons/_logo_blue_300x300.png,https://simplio.io/,<a href="https://solana.com/" target="_blank"><img src="https://cryptologos.cc/logos/solana-sol-logo.svg"></a>
SKALE Network (SKL),https://assets.coingecko.com/coins/images/13245/small/SKALE_token_300x300.png,https://skale.network/,<a href="https://www.ethereum.org/" target="_blank"><img src="https://s2.coinmarketcap.com/static/img/coins/64x64/1027.png"></a>
Solanium (SLIM),https://s2.coinmarketcap.com/static/img/coins/64x64/9741.png,https://www.solanium.io/,<a href="https://solana.com/" target="_blank"><img src="https://cryptologos.cc/logos/solana-sol-logo.svg"></a>
Smooth Love Potion (SLP),https://s2.coinmarketcap.com/static/img/coins/64x64/5824.png,https://axieinfinity.com/,<a href="https://www.ethereum.org/" target="_blank"><img src="https://s2.coinmarketcap.com/static/img/coins/64x64/1027.png"></a>
Solrise Finance (SLRS),https://s2.coinmarketcap.com/static/img/coins/64x64/9989.png,https://solrise.finance/,<a href="https://solana.com/" target="_blank"><img src="https://cryptologos.cc/logos/solana-sol-logo.svg"></a>
Synthetix (SNX),https://s2.coinmarketcap.com/static/img/coins/64x64/2586.png,https://www.synthetix.io/,<a href="https://www.binance.org/en/smartChain" target="_blank"><img src="https://s2.coinmarketcap.com/static/img/exchanges/64x64/486.png"></a> <a href="https://www.ethereum.org/" target="_blank"><img src="https://s2.coinmarketcap.com/static/img/coins/64x64/1027.png"></a>
Synthetify (SNY),https://assets.coingecko.com/coins/images/14835/small/synthetify_token.png,https://www.synthetify.io/,<a href="https://solana.com/" target="_blank"><img src="https://cryptologos.cc/logos/solana-sol-logo.svg"></a>
Solana (SOL),https://cryptologos.cc/logos/solana-sol-logo.svg,https://solana.com/,<a href="https://solana.com/" target="_blank"><img src="https://cryptologos.cc/logos/solana-sol-logo.svg"></a>
SolRazr (SOLR),https://raw.githubusercontent.com/solana-labs/token-list/main/assets/mainnet/7j7H7sgsnNDeCngAPjpaCN4aaaru4HS7NAFYSEUyzJ3k/SOLR.png,https://solrazr.com/,<a href="https://solana.com/" target="_blank"><img src="https://cryptologos.cc/logos/solana-sol-logo.svg"></a>
Phantasma (SOUL),https://s2.coinmarketcap.com/static/img/coins/64x64/2827.png,https://phantasma.io/,<a href="https://www.binance.org/en/smartChain" target="_blank"><img src="https://s2.coinmarketcap.com/static/img/exchanges/64x64/486.png"></a> <a href="https://www.ethereum.org/" target="_blank"><img src="https://s2.coinmarketcap.com/static/img/coins/64x64/1027.png"></a>
Serum (SRM),https://s2.coinmarketcap.com/static/img/coins/64x64/6187.png,https://projectserum.com/,<a href="https://www.ethereum.org/" target="_blank"><img src="https://s2.coinmarketcap.com/static/img/coins/64x64/1027.png"></a> <a href="https://solana.com/" target="_blank"><img src="https://cryptologos.cc/logos/solana-sol-logo.svg"></a>
SuperFarm (SUPER),https://i.imgur.com/lvt059v.png,https://superfarm.com/#/,<a href="https://www.binance.org/en/smartChain" target="_blank"><img src="https://s2.coinmarketcap.com/static/img/exchanges/64x64/486.png"></a> <a href="https://www.ethereum.org/" target="_blank"><img src="https://s2.coinmarketcap.com/static/img/coins/64x64/1027.png"></a>
SushiSwap (SUSHI),https://s2.coinmarketcap.com/static/img/coins/64x64/6758.png,https://sushi.com/,<a href="https://www.binance.org/en/smartChain" target="_blank"><img src="https://s2.coinmarketcap.com/static/img/exchanges/64x64/486.png"></a> <a href="https://www.ethereum.org/" target="_blank"><img src="https://s2.coinmarketcap.com/static/img/coins/64x64/1027.png"></a>
Telcoin (TEL),https://s2.coinmarketcap.com/static/img/coins/64x64/2394.png,https://www.telco.in/,<a href="https://www.ethereum.org/" target="_blank"><img src="https://s2.coinmarketcap.com/static/img/coins/64x64/1027.png"></a>
Toko Token (TKO),https://i.imgur.com/F0dlrnR.png,https://www.tokocrypto.com/,<a href="https://www.binance.org/en/smartChain" target="_blank"><img src="https://s2.coinmarketcap.com/static/img/exchanges/64x64/486.png"></a>
Alien Worlds (TLM),https://s2.coinmarketcap.com/static/img/coins/64x64/9119.png,https://alienworlds.io/,<a href="https://www.binance.org/en/smartChain" target="_blank"><img src="https://s2.coinmarketcap.com/static/img/exchanges/64x64/486.png"></a> <a href="https://www.ethereum.org/" target="_blank"><img src="https://s2.coinmarketcap.com/static/img/coins/64x64/1027.png"></a>
Tellor (TRB),https://s2.coinmarketcap.com/static/img/coins/64x64/4944.png,https://tellor.io/,<a href="https://www.ethereum.org/" target="_blank"><img src="https://s2.coinmarketcap.com/static/img/coins/64x64/1027.png"></a>
Tribe (TRIBE),https://aws1.discourse-cdn.com/business5/uploads/fei/original/1X/827e1cca03a94f7ddb6a3698b87c4d53810a51a5.png,https://fei.money/,<a href="https://www.ethereum.org/" target="_blank"><img src="https://s2.coinmarketcap.com/static/img/coins/64x64/1027.png"></a>
TrueFi (TRU),https://s2.coinmarketcap.com/static/img/coins/64x64/7725.png,https://truefi.io/,<a href="https://www.ethereum.org/" target="_blank"><img src="https://s2.coinmarketcap.com/static/img/coins/64x64/1027.png"></a>
TRON (TRX),https://s2.coinmarketcap.com/static/img/coins/64x64/1958.png,https://tron.network/,<a href="https://www.binance.org/en/smartChain" target="_blank"><img src="https://s2.coinmarketcap.com/static/img/exchanges/64x64/486.png"></a>
The Transfer Token (TTT),https://s2.coinmarketcap.com/static/img/coins/64x64/5514.png,https://www.atom-solutions.jp/en/xecttt/,<a href="https://www.ethereum.org/" target="_blank"><img src="https://s2.coinmarketcap.com/static/img/coins/64x64/1027.png"></a>
SolFarm (TULIP),https://s2.coinmarketcap.com/static/img/coins/64x64/10373.png,https://solfarm.io/,<a href="https://solana.com/" target="_blank"><img src="https://cryptologos.cc/logos/solana-sol-logo.svg"></a>
TrueUSD (TUSD),https://assets.coingecko.com/coins/images/3449/small/tusd.png,https://www.trueusd.com/,<a href="https://www.binance.org/en/smartChain" target="_blank"><img src="https://s2.coinmarketcap.com/static/img/exchanges/64x64/486.png"></a> <a href="https://www.ethereum.org/" target="_blank"><img src="https://s2.coinmarketcap.com/static/img/coins/64x64/1027.png"></a>
Terra Virtua Kolect (TVK),https://s2.coinmarketcap.com/static/img/coins/64x64/8037.png,https://terravirtua.io/,<a href="https://www.ethereum.org/" target="_blank"><img src="https://s2.coinmarketcap.com/static/img/coins/64x64/1027.png"></a>
Unibright (UBT),https://s2.coinmarketcap.com/static/img/coins/64x64/2758.png,https://unibright.io/,<a href="https://www.ethereum.org/" target="_blank"><img src="https://s2.coinmarketcap.com/static/img/coins/64x64/1027.png"></a>
UMA (UMA),https://s2.coinmarketcap.com/static/img/coins/64x64/5617.png,https://umaproject.org/,<a href="https://www.ethereum.org/" target="_blank"><img src="https://s2.coinmarketcap.com/static/img/coins/64x64/1027.png"></a>
Uniswap (UNI),https://s2.coinmarketcap.com/static/img/coins/64x64/7083.png,https://uniswap.org/,<a href="https://www.binance.org/en/smartChain" target="_blank"><img src="https://s2.coinmarketcap.com/static/img/exchanges/64x64/486.png"></a> <a href="https://www.ethereum.org/" target="_blank"><img src="https://s2.coinmarketcap.com/static/img/coins/64x64/1027.png"></a>
USD Coin (USDC),https://s2.coinmarketcap.com/static/img/coins/64x64/3408.png,https://www.centre.io/usdc,<a href="https://www.binance.org/en/smartChain" target="_blank"><img src="https://s2.coinmarketcap.com/static/img/exchanges/64x64/486.png"></a> <a href="https://www.ethereum.org/" target="_blank"><img src="https://s2.coinmarketcap.com/static/img/coins/64x64/1027.png"></a> <a href="https://solana.com/" target="_blank"><img src="https://cryptologos.cc/logos/solana-sol-logo.svg"></a>
Neutrino USD (USDN),https://assets.coingecko.com/coins/images/10117/small/78GWcZu.png,https://neutrino.at/,<a href="https://www.binance.org/en/smartChain" target="_blank"><img src="https://s2.coinmarketcap.com/static/img/exchanges/64x64/486.png"></a> <a href="https://www.ethereum.org/" target="_blank"><img src="https://s2.coinmarketcap.com/static/img/coins/64x64/1027.png"></a>
Pax Dollar (USDP),https://s2.coinmarketcap.com/static/img/coins/64x64/3330.png,https://paxos.com/usdp/,<a href="https://www.binance.org/en/smartChain" target="_blank"><img src="https://s2.coinmarketcap.com/static/img/exchanges/64x64/486.png"></a> <a href="https://www.ethereum.org/" target="_blank"><img src="https://s2.coinmarketcap.com/static/img/coins/64x64/1027.png"></a>
Tether (USDT),https://s2.coinmarketcap.com/static/img/coins/64x64/825.png,https://tether.to/,<a href="https://www.binance.org/en/smartChain" target="_blank"><img src="https://s2.coinmarketcap.com/static/img/exchanges/64x64/486.png"></a> <a href="https://www.ethereum.org/" target="_blank"><img src="https://s2.coinmarketcap.com/static/img/coins/64x64/1027.png"></a> <a href="https://solana.com/" target="_blank"><img src="https://cryptologos.cc/logos/solana-sol-logo.svg"></a>
Utrust (UTK),https://s2.coinmarketcap.com/static/img/coins/64x64/2320.png,https://utrust.com/,<a href="https://www.ethereum.org/" target="_blank"><img src="https://s2.coinmarketcap.com/static/img/coins/64x64/1027.png"></a>
Voyager Token (VGX),https://assets.coingecko.com/coins/images/794/small/Voyager-vgx.png,https://www.investvoyager.com/,<a href="https://www.ethereum.org/" target="_blank"><img src="https://s2.coinmarketcap.com/static/img/coins/64x64/1027.png"></a>
VITE (VITE),https://assets.coingecko.com/coins/images/4513/small/Vite.png,https://www.vite.org/,<a href="https://www.binance.org/en/smartChain" target="_blank"><img src="https://s2.coinmarketcap.com/static/img/exchanges/64x64/486.png"></a> <a href="https://www.ethereum.org/" target="_blank"><img src="https://s2.coinmarketcap.com/static/img/coins/64x64/1027.png"></a>
Wrapped Bitcoin (WBTC),https://s2.coinmarketcap.com/static/img/coins/64x64/3717.png,https://wbtc.network/,<a href="https://www.ethereum.org/" target="_blank"><img src="https://s2.coinmarketcap.com/static/img/coins/64x64/1027.png"></a>
Wilder World (WILD),https://s2.coinmarketcap.com/static/img/coins/64x64/9674.png,https://www.wilderworld.com/,<a href="https://www.ethereum.org/" target="_blank"><img src="https://s2.coinmarketcap.com/static/img/coins/64x64/1027.png"></a>
WINkLink (WIN),https://s2.coinmarketcap.com/static/img/coins/64x64/4206.png,https://winklink.org/,<a href="https://www.binance.org/en/smartChain" target="_blank"><img src="https://s2.coinmarketcap.com/static/img/exchanges/64x64/486.png"></a>
WazirX (WRX),https://assets.coingecko.com/coins/images/10547/small/WazirX.png,https://wazirx.com/,<a href="https://www.binance.org/en/smartChain" target="_blank"><img src="https://s2.coinmarketcap.com/static/img/exchanges/64x64/486.png"></a>
Waltonchain (WTC),https://s2.coinmarketcap.com/static/img/coins/64x64/1925.png,http://www.waltonchain.org/,<a href="https://www.ethereum.org/" target="_blank"><img src="https://s2.coinmarketcap.com/static/img/coins/64x64/1027.png"></a>
Venus (XVS),https://s2.coinmarketcap.com/static/img/coins/64x64/7288.png,https://venus.io/,<a href="https://www.binance.org/en/smartChain" target="_blank"><img src="https://s2.coinmarketcap.com/static/img/exchanges/64x64/486.png"></a>
yearn.finance (YFI),https://s2.coinmarketcap.com/static/img/coins/64x64/5864.png,https://yearn.finance/,<a href="https://www.binance.org/en/smartChain" target="_blank"><img src="https://s2.coinmarketcap.com/static/img/exchanges/64x64/486.png"></a> <a href="https://www.ethereum.org/" target="_blank"><img src="https://s2.coinmarketcap.com/static/img/coins/64x64/1027.png"></a>
Yield Guild Games (YGG),https://pbs.twimg.com/profile_images/1335815288298721280/le1nzlO6_400x400.jpg,https://yieldguild.io/,<a href="https://www.ethereum.org/" target="_blank"><img src="https://s2.coinmarketcap.com/static/img/coins/64x64/1027.png"></a>
YooShi (YOOSHI),https://s2.coinmarketcap.com/static/img/coins/64x64/9892.png,https://www.yooshi.io/,<a href="https://www.binance.org/en/smartChain" target="_blank"><img src="https://s2.coinmarketcap.com/static/img/exchanges/64x64/486.png"></a>
Zcash (ZEC),https://s2.coinmarketcap.com/static/img/coins/64x64/1437.png,https://z.cash/,<a href="https://z.cash/" target="_blank"><img src="https://s2.coinmarketcap.com/static/img/coins/64x64/1437.png"></a>
Zero (ZER),https://s2.coinmarketcap.com/static/img/coins/64x64/1578.png,https://zerocurrency.io/,<a href="https://zerocurrency.io/" target="_blank"><img src="https://s2.coinmarketcap.com/static/img/coins/64x64/1578.png"></a>
0x (ZRX),https://s2.coinmarketcap.com/static/img/coins/64x64/1896.png,https://0x.org/,<a href="https://www.ethereum.org/" target="_blank"><img src="https://s2.coinmarketcap.com/static/img/coins/64x64/1027.png"></a>
